-- dashmed_inserts.sql
-- Inserts de test (volumétrie large) pour DashMed
SET SQL_MODE = "NO_AUTO_VALUE_ON_ZERO";
SET time_zone = "+00:00";
START TRANSACTION;

SET FOREIGN_KEY_CHECKS = 0;
TRUNCATE TABLE `patient_data`;
TRUNCATE TABLE `consultations`;
TRUNCATE TABLE `patients`;
TRUNCATE TABLE `users`;
TRUNCATE TABLE `professions`;
TRUNCATE TABLE `parameter_reference`;
TRUNCATE TABLE `chart_types`;
TRUNCATE TABLE `parameter_chart_allowed`;
TRUNCATE TABLE `user_parameter_order`;
TRUNCATE TABLE `user_parameter_chart_pref`;
SET FOREIGN_KEY_CHECKS = 1;

INSERT INTO `professions` (`id_profession`, `label_profession`) VALUES
  (1, 'Médecin urgentiste'),
  (2, 'Anesthésiste-réanimateur'),
  (3, 'Chirurgien général'),
  (4, 'Chirurgien orthopédique'),
  (5, 'Cardiologue'),
  (6, 'Pneumologue'),
  (7, 'Neurologue'),
  (8, 'Gastro-entérologue'),
  (9, 'Néphrologue'),
  (10, 'Gynécologue-obstétricien'),
  (11, 'Pédiatre'),
  (12, 'Oncologue'),
  (13, 'Radiologue'),
  (14, 'Médecin interniste'),
  (15, 'Médecin généraliste'),
  (16, 'Infectiologue'),
  (17, 'Hématologue'),
  (18, 'Psychiatre'),
  (19, 'Médecin du travail'),
  (20, 'Proctologue');

INSERT INTO `users` (`first_name`, `last_name`, `email`, `password`, `admin_status`, `birth_date`, `id_profession`) VALUES
  ('Jules', 'RIBBE', 'julesribbe@gmail.com', '$2y$12$9N1omkw4wQGTXbJQTN.5Qe2vvfVgik8s5iYKwBYJ5DrBkqIFf8YCy', 1, '2005-12-07', 20),
  ('Maxence', 'Torchin', 'max148t@gmail.com', '$2y$10$a2E/KW0SqCPMP1MlBFHilepKpfQHid.4R8YIZs4g4tZMicPTYYfTC', 1, '2006-12-04', 20),
  ('Sophie','Bernard','sophie.bernard@med.example','$2y$10$dummyhash02xxxxxxxxxxxxxxxxxxxxxxxxxxxxxxxxxxxxxxxxxxxxxx',0,'1979-07-11',3),
  ('Hugo','Martin','hugo.martin@dashmed.fr','$2y$10$dummyhash03xxxxxxxxxxxxxxxxxxxxxxxxxxxxxxxxxxxxxxxxxxxxxx',0,'1981-10-16',4),
  ('Nina','Petit','nina.petit@hospital.local','$2y$10$dummyhash04xxxxxxxxxxxxxxxxxxxxxxxxxxxxxxxxxxxxxxxxxxxxxx',0,'1983-01-21',5),
  ('Camille','Dubois','camille.dubois@med.example','$2y$10$dummyhash05xxxxxxxxxxxxxxxxxxxxxxxxxxxxxxxxxxxxxxxxxxxxxx',0,'1985-04-26',6),
  ('Lucas','Moreau','lucas.moreau@dashmed.fr','$2y$10$dummyhash06xxxxxxxxxxxxxxxxxxxxxxxxxxxxxxxxxxxxxxxxxxxxxx',0,'1987-07-03',7),
  ('Emma','Laurent','emma.laurent@hospital.local','$2y$10$dummyhash07xxxxxxxxxxxxxxxxxxxxxxxxxxxxxxxxxxxxxxxxxxxxxx',0,'1989-10-08',8),
  ('Lina','Simon','lina.simon@med.example','$2y$10$dummyhash08xxxxxxxxxxxxxxxxxxxxxxxxxxxxxxxxxxxxxxxxxxxxxx',0,'1991-01-13',9),
  ('Adam','Michel','adam.michel@dashmed.fr','$2y$10$dummyhash09xxxxxxxxxxxxxxxxxxxxxxxxxxxxxxxxxxxxxxxxxxxxxx',0,'1993-04-18',10),
  ('Tom','Lefevre','tom.lefevre@hospital.local','$2y$10$dummyhash10xxxxxxxxxxxxxxxxxxxxxxxxxxxxxxxxxxxxxxxxxxxxxx',0,'1995-07-23',11),
  ('Ines','Garcia','ines.garcia@med.example','$2y$10$dummyhash11xxxxxxxxxxxxxxxxxxxxxxxxxxxxxxxxxxxxxxxxxxxxxx',0,'1997-10-28',12),
  ('Noah','Roux','noah.roux@dashmed.fr','$2y$10$dummyhash12xxxxxxxxxxxxxxxxxxxxxxxxxxxxxxxxxxxxxxxxxxxxxx',0,'1999-01-05',13),
  ('Lea','Fournier','lea.fournier@hospital.local','$2y$10$dummyhash13xxxxxxxxxxxxxxxxxxxxxxxxxxxxxxxxxxxxxxxxxxxxxx',0,'2001-04-10',14),
  ('Louis','Girard','louis.girard@med.example','$2y$10$dummyhash14xxxxxxxxxxxxxxxxxxxxxxxxxxxxxxxxxxxxxxxxxxxxxx',0,'1975-07-15',15);

INSERT INTO `patients` (`id_patient`, `first_name`, `last_name`, `email`, `birth_date`, `weight`, `height`, `gender`, `status`, `description`, `room_id`) VALUES
  (1, 'Marie','Dupont','marie.dupont1@patient.dashmed.fr','1945-01-01',50.00,150.00,'F','En réanimation','Accident de la route',1),
  (2, 'Jean','Durand','jean.durand2@patient.dashmed.fr','1948-08-12',52.30,151.70,'M','En réanimation','Insuffisance respiratoire aiguë',2),
  (3, 'Lucie','Martin','lucie.martin3@patient.dashmed.fr','1951-03-23',54.60,153.40,'F','En réanimation','Crise d''asthme sévère',3),
  (4, 'Olivier','Petit','olivier.petit4@patient.dashmed.fr','1954-10-06',56.90,155.10,'M','En réanimation','Traumatisme crânien',4),
  (5, 'Sarah','Nguyen','sarah.nguyen5@patient.dashmed.fr','1957-05-17',59.20,156.80,'F','En réanimation','Pneumonie sévère',5),
  (6, 'Paul','Robert','paul.robert6@patient.dashmed.fr','1960-12-28',61.50,158.50,'M','En réanimation','Sepsis',6),
  (7, 'Chloe','Richard','chloe.richard7@patient.dashmed.fr','1963-07-11',63.80,160.20,'F','En réanimation','Post-opératoire compliqué',7),
  (8, 'Antoine','Morel','antoine.morel8@patient.dashmed.fr','1966-02-22',66.10,161.90,'M','En réanimation','Détresse respiratoire',8),
  (9, 'Manon','Leroy','manon.leroy9@patient.dashmed.fr','1969-09-05',68.40,163.60,'F','En réanimation','Douleurs thoraciques',9),
  (10, 'Thomas','Roux','thomas.roux10@patient.dashmed.fr','1972-04-16',70.70,165.30,'M','En réanimation','Décompensation cardiaque',10),
  (11, 'Clara','Fournier','clara.fournier11@patient.dashmed.fr','1975-11-27',73.00,167.00,'F','En réanimation','Accident de la route',11),
  (12, 'Nathan','Girard','nathan.girard12@patient.dashmed.fr','1978-06-10',75.30,168.70,'M','En réanimation','Insuffisance respiratoire aiguë',12),
  (13, 'Julie','Andre','julie.andre13@patient.dashmed.fr','1981-01-21',77.60,170.40,'F','Sorti','Crise d''asthme sévère',NULL),
  (14, 'Arthur','Mercier','arthur.mercier14@patient.dashmed.fr','1984-08-04',79.90,172.10,'M','Sorti','Traumatisme crânien',NULL),
  (15, 'Eva','Blanc','eva.blanc15@patient.dashmed.fr','1987-03-15',82.20,173.80,'F','Sorti','Pneumonie sévère',NULL),
  (16, 'Adrien','Garnier','adrien.garnier16@patient.dashmed.fr','1990-10-26',84.50,175.50,'M','Sorti','Sepsis',NULL),
  (17, 'Lola','Chevalier','lola.chevalier17@patient.dashmed.fr','1993-05-09',86.80,177.20,'F','Sorti','Post-opératoire compliqué',NULL),
  (18, 'Kevin','Francois','kevin.francois18@patient.dashmed.fr','1996-12-20',89.10,178.90,'M','Sorti','Détresse respiratoire',NULL),
  (19, 'Nora','Legrand','nora.legrand19@patient.dashmed.fr','1999-07-03',91.40,180.60,'F','Sorti','Douleurs thoraciques',NULL),
  (20, 'Yanis','Gauthier','yanis.gauthier20@patient.dashmed.fr','2002-02-14',93.70,182.30,'M','Sorti','Décompensation cardiaque',NULL),
  (21, 'Iris','Perrin','iris.perrin21@patient.dashmed.fr','1945-09-25',96.00,184.00,'F','Sorti','Accident de la route',NULL),
  (22, 'Gael','Clement','gael.clement22@patient.dashmed.fr','1948-04-08',98.30,150.70,'M','Sorti','Insuffisance respiratoire aiguë',NULL),
  (23, 'Mael','Morin','mael.morin23@patient.dashmed.fr','1951-11-19',100.60,152.40,'F','Sorti','Crise d''asthme sévère',NULL),
  (24, 'Zoe','Nicolas','zoe.nicolas24@patient.dashmed.fr','1954-06-02',102.90,154.10,'M','Sorti','Traumatisme crânien',NULL),
  (25, 'Theo','Riviere','theo.riviere25@patient.dashmed.fr','1957-01-13',50.20,155.80,'F','Décédé','Pneumonie sévère',NULL),
  (26, 'Mila','Sanchez','mila.sanchez26@patient.dashmed.fr','1960-08-24',52.50,157.50,'M','Décédé','Sepsis',NULL),
  (27, 'Jade','Ramirez','jade.ramirez27@patient.dashmed.fr','1963-03-07',54.80,159.20,'F','Décédé','Post-opératoire compliqué',NULL),
  (28, 'Enzo','Bertrand','enzo.bertrand28@patient.dashmed.fr','1966-10-18',57.10,160.90,'M','Décédé','Détresse respiratoire',NULL),
  (29, 'Louise','Hernandez','louise.hernandez29@patient.dashmed.fr','1969-05-01',59.40,162.60,'F','Décédé','Douleurs thoraciques',NULL),
  (30, 'Rayan','Caron','rayan.caron30@patient.dashmed.fr','1972-12-12',61.70,164.30,'M','Décédé','Décompensation cardiaque',NULL);

INSERT INTO `parameter_reference` (`parameter_id`,`display_name`,`category`,`unit`,`default_chart`,`description`,`normal_min`,`normal_max`,`critical_min`,`critical_max`,`display_min`,`display_max`) VALUES
  ('SpO2','Saturation en O₂','Respiration','%','line','Saturation périphérique en oxygène',95,100,85,100,0,100),
  ('FR','Fréquence respiratoire','Respiration','cpm','line','Cycles respiratoires par minute',12,20,8,30,0,60),
  ('PEP','Pression expiratoire positive','Ventilation','cmH₂O','line','Pression expiratoire positive',5,10,3,15,0,20),
  ('FC','Fréquence cardiaque','Cardiaque','bpm','line','Battements par minute',60,100,40,150,0,220),
  ('T°','Température corporelle','Température','°C','line','Température centrale',36,37.5,35,40,25,45),
  ('PAS','Pression Artérielle Systolique','Hémodynamique','mmHg','line','Pression artérielle systolique',110,140,90,180,0,300),
  ('PAD','Pression Artérielle Diastolique','Hémodynamique','mmHg','line','Pression artérielle diastolique',60,90,40,110,0,200),
  ('PAM','Pression Artérielle Moyenne','Hémodynamique','mmHg','line','Pression artérielle moyenne',70,105,60,120,0,200),
  ('PVC','Pression Veineuse Centrale','Hémodynamique','mmHg','line','Pression veineuse centrale',8,12,0,20,-10,40),
  ('EtCO2','CO2 Expiré (Fin d''expiration)','Ventilation','mmHg','line','End-tidal CO2',35,45,30,50,0,100),
  ('FiO2','Fraction Inspirée en O2','Ventilation','%','line','Pourcentage d''oxygène délivré',21,100,21,100,21,100),
  ('Vt','Volume Courant','Ventilation','mL','line','Volume d''air insufflé à chaque cycle',400,600,200,800,0,1000),
  ('Pcrête','Pression de Crête','Ventilation','cmH2O','line','Pression maximale dans les voies aériennes',10,20,0,40,0,80),
  ('Pplat','Pression de Plateau','Ventilation','cmH2O','line','Pression de fin d''inspiration (pause)',10,25,0,30,0,60),
  ('Diurèse','Débit Urinaire','Métabolique','mL/h','bar','Volume d''urine par heure',50,200,30,500,0,1000),
  ('Glycémie','Glycémie Capillaire','Métabolique','g/L','line','Taux de glucose sanguin',0.8,1.4,0.6,2.0,0,5),
  ('GCS','Score de Glasgow','Neurologie','/15','value','Évaluation de la conscience',15,15,3,15,3,15),
  ('Lactates','Lactatémie','Métabolique','mmol/L','line','Taux de lactates sanguin',0.5,2.0,0,4.0,0,15);

INSERT INTO `chart_types` (`chart_type`,`label`) VALUES
  ('line','Courbe'),
  ('bar','Histogramme'),
  ('scatter','Nuage de points'),
  ('bubble','Bulles'),
  ('pie','Camembert'),
  ('doughnut','Anneau'),
  ('radar','Radar'),
  ('polarArea','Aire polaire'),
  ('value','Valeur seule');

INSERT INTO `parameter_chart_allowed` (`parameter_id`,`chart_type`,`is_default`) VALUES
  ('SpO2','line',1),
  ('SpO2','bar',0),
  ('SpO2','scatter',0),
  ('SpO2','value',0),
  ('FR','line',1),
  ('FR','bar',0),
  ('FR','scatter',0),
  ('FR','value',0),
  ('PEP','line',1),
  ('PEP','bar',0),
  ('PEP','scatter',0),
  ('PEP','value',0),
  ('FC','line',1),
  ('FC','bar',0),
  ('FC','scatter',0),
  ('FC','value',0),
  ('T°','line',1),
  ('T°','bar',0),
  ('T°','scatter',0),
  ('T°','value',0),
  ('PAS','line',1), ('PAS','bar',0), ('PAS','value',0),
  ('PAD','line',1), ('PAD','bar',0), ('PAD','value',0),
  ('PAM','line',1), ('PAM','bar',0), ('PAM','value',0),
  ('PVC','line',1), ('PVC','bar',0), ('PVC','value',0),
  ('EtCO2','line',1), ('EtCO2','bar',0), ('EtCO2','value',0),
  ('FiO2','line',1), ('FiO2','bar',0), ('FiO2','value',0),
  ('Vt','line',1), ('Vt','bar',0), ('Vt','value',0),
  ('Pcrête','line',1), ('Pcrête','bar',0), ('Pcrête','value',0),
  ('Pplat','line',1), ('Pplat','bar',0), ('Pplat','value',0),
  ('Diurèse','bar',1), ('Diurèse','line',0), ('Diurèse','value',0),
  ('Glycémie','line',1), ('Glycémie','bar',0), ('Glycémie','value',0),
  ('GCS','value',1), ('GCS','line',0), ('GCS','bar',0),
  ('Lactates','line',1), ('Lactates','bar',0), ('Lactates','value',0);

INSERT INTO `user_parameter_order` (`id_user`,`parameter_id`,`display_order`,`is_hidden`) VALUES
  (1,'SpO2',1,0),
  (1,'FR',2,0),
  (1,'PEP',3,0),
  (1,'FC',4,0),
  (1,'T°',5,0),
  (1,'PAS',6,0),
  (1,'PAD',7,0),
  (1,'PAM',8,0),
  (1,'EtCO2',9,0),
  (1,'GCS',10,0),
  (2,'SpO2',1,0),
  (2,'FR',2,0),
  (2,'PEP',3,0),
  (2,'FC',4,0),
  (2,'T°',5,0),
  (2,'PAS',6,0),
  (2,'PAD',7,0),
  (2,'PAM',8,0),
  (2,'EtCO2',9,0),
  (2,'GCS',10,0),
  (2,'PVC',11,0),
  (2,'FiO2',12,0),
  (2,'Vt',13,0),
  (2,'Pcrête',14,0),
  (2,'Pplat',15,0),
  (2,'Diurèse',16,0),
  (2,'Glycémie',17,0),
  (2,'Lactates',18,0),
  (3,'SpO2',1,0),
  (3,'FR',2,0),
  (3,'PEP',3,0),
  (3,'FC',4,0),
  (3,'T°',5,0),
  (4,'SpO2',1,0),
  (4,'FR',2,0),
  (4,'PEP',3,0),
  (4,'FC',4,0),
  (4,'T°',5,0),
  (5,'SpO2',1,0),
  (5,'FR',2,0),
  (5,'PEP',3,0),
  (5,'FC',4,0),
  (5,'T°',5,0),
  (6,'SpO2',1,0),
  (6,'FR',2,0),
  (6,'PEP',3,0),
  (6,'FC',4,0),
  (6,'T°',5,0),
  (7,'SpO2',1,0),
  (7,'FR',2,0),
  (7,'PEP',3,1),
  (7,'FC',4,0),
  (7,'T°',5,0),
  (8,'SpO2',1,0),
  (8,'FR',2,0),
  (8,'PEP',3,0),
  (8,'FC',4,0),
  (8,'T°',5,0),
  (9,'SpO2',1,0),
  (9,'FR',2,0),
  (9,'PEP',3,0),
  (9,'FC',4,0),
  (9,'T°',5,0),
  (10,'SpO2',1,0),
  (10,'FR',2,0),
  (10,'PEP',3,0),
  (10,'FC',4,0),
  (10,'T°',5,0),
  (11,'SpO2',1,0),
  (11,'FR',2,0),
  (11,'PEP',3,0),
  (11,'FC',4,0),
  (11,'T°',5,0),
  (12,'SpO2',1,0),
  (12,'FR',2,0),
  (12,'PEP',3,0),
  (12,'FC',4,0),
  (12,'T°',5,0),
  (13,'SpO2',1,0),
  (13,'FR',2,0),
  (13,'PEP',3,0),
  (13,'FC',4,0),
  (13,'T°',5,0),
  (14,'SpO2',1,0),
  (14,'FR',2,0),
  (14,'PEP',3,1),
  (14,'FC',4,0),
  (14,'T°',5,0),
  (15,'SpO2',1,0),
  (15,'FR',2,0),
  (15,'PEP',3,0),
  (15,'FC',4,0),
  (15,'T°',5,0);

INSERT INTO `user_parameter_chart_pref` (`id_user`,`parameter_id`,`chart_type`) VALUES
  (1,'SpO2','bar'),
  (1,'PEP','bar'),
  (2,'FR','bar'),
  (2,'SpO2','value'),
  (3,'T°','scatter'),
  (4,'SpO2','bar'),
  (5,'FR','value'),
  (5,'T°','bar'),
  (6,'T°','scatter'),
  (7,'FR','scatter'),
  (7,'T°','scatter'),
  (8,'SpO2','bar'),
  (8,'FC','scatter'),
  (9,'PEP','bar'),
  (9,'FR','scatter'),
  (10,'SpO2','bar'),
  (10,'FC','bar'),
  (11,'PEP','scatter'),
  (11,'T°','scatter'),
  (12,'SpO2','value'),
  (12,'FC','value'),
  (13,'SpO2','value'),
  (14,'PEP','value'),
  (14,'T°','scatter'),
  (15,'T°','bar'),
  (15,'SpO2','bar');

COMMIT;
